particle_id,time_s,x_m,y_m,path_m,solver,abstol,reltol,gating
1001,0.00000000000000000e+00,8.00000000000000000e+04,6.00000000000000000e+04,0.00000000000000000e+00,Tsit5,9.99999999999999980e-13,9.99999999999999980e-13,false
1001,9.00000000000000000e+02,8.01365784431959473e+04,5.99692544264116077e+04,1.39996290811963490e+02,Tsit5,9.99999999999999980e-13,9.99999999999999980e-13,false
1001,1.80000000000000000e+03,8.02733650838719914e+04,5.99384533215766642e+04,2.80207892066960824e+02,Tsit5,9.99999999999999980e-13,9.99999999999999980e-13,false
1001,2.70000000000000000e+03,8.04103599390442978e+04,5.99075967016224895e+04,4.20634817329453085e+02,Tsit5,9.99999999999999980e-13,9.99999999999999980e-13,false
1001,3.60000000000000000e+03,8.05475630257295707e+04,5.98766845826785793e+04,5.61277080158124022e+02,Tsit5,9.99999999999999980e-13,9.99999999999999980e-13,false
1001,4.50000000000000000e+03,8.06849743609450816e+04,5.98457169808766048e+04,7.02134694105951439e+02,Tsit5,9.99999999999999980e-13,9.99999999999999980e-13,false
1001,5.40000000000000000e+03,8.08225939617086697e+04,5.98146939123503980e+04,8.43207672720252731e+02,Tsit5,9.99999999999999980e-13,9.99999999999999980e-13,false
1001,6.30000000000000000e+03,8.09604218450386979e+04,5.97836153932359593e+04,9.84496029542683118e+02,Tsit5,9.99999999999999980e-13,9.99999999999999980e-13,false
1001,7.20000000000000000e+03,8.10984580279541260e+04,5.97524814396714573e+04,1.12599977810934865e+03,Tsit5,9.99999999999999980e-13,9.99999999999999980e-13,false
1001,8.10000000000000000e+03,8.12367025274744083e+04,5.97212920677972361e+04,1.26771893195074654e+03,Tsit5,9.99999999999999980e-13,9.99999999999999980e-13,false
1001,9.00000000000000000e+03,8.13751553606196248e+04,5.96900472937558079e+04,1.40965350459193587e+03,Tsit5,9.99999999999999980e-13,9.99999999999999980e-13,false
1001,9.90000000000000000e+03,8.15138165444103652e+04,5.96587471336918534e+04,1.55180350955246558e+03,Tsit5,9.99999999999999980e-13,9.99999999999999980e-13,false
1001,1.08000000000000000e+04,8.16526860958677717e+04,5.96273916037522140e+04,1.69416896034645879e+03,Tsit5,9.99999999999999980e-13,9.99999999999999980e-13,false
1001,1.17000000000000000e+04,8.17917640320135688e+04,5.95959807200859068e+04,1.83674987048267826e+03,Tsit5,9.99999999999999980e-13,9.99999999999999980e-13,false
1001,1.26000000000000000e+04,8.19310503698700049e+04,5.95645144988441243e+04,1.97954625346451030e+03,Tsit5,9.99999999999999980e-13,9.99999999999999980e-13,false
1001,1.35000000000000000e+04,8.20705451264599251e+04,5.95329929561802273e+04,2.12255812279007705e+03,Tsit5,9.99999999999999980e-13,9.99999999999999980e-13,false
1001,1.44000000000000000e+04,8.22102483188066690e+04,5.95014161082497449e+04,2.26578549195217602e+03,Tsit5,9.99999999999999980e-13,9.99999999999999980e-13,false
1001,1.53000000000000000e+04,8.23501599639342021e+04,5.94697839712103741e+04,2.40922837443844764e+03,Tsit5,9.99999999999999980e-13,9.99999999999999980e-13,false
1001,1.62000000000000000e+04,8.24902800788669701e+04,5.94380965612219952e+04,2.55288678373126868e+03,Tsit5,9.99999999999999980e-13,9.99999999999999980e-13,false
1001,1.71000000000000000e+04,8.26306086806300445e+04,5.94063538944466272e+04,2.69676073330794361e+03,Tsit5,9.99999999999999980e-13,9.99999999999999980e-13,false
1001,1.80000000000000000e+04,8.27711457862489915e+04,5.93745559870485013e+04,2.84085023664059736e+03,Tsit5,9.99999999999999980e-13,9.99999999999999980e-13,false
1001,1.89000000000000000e+04,8.29118914127499738e+04,5.93427028551939948e+04,2.98515530719632852e+03,Tsit5,9.99999999999999980e-13,9.99999999999999980e-13,false
1001,1.98000000000000000e+04,8.30528455771596928e+04,5.93107945150516607e+04,3.12967595843718391e+03,Tsit5,9.99999999999999980e-13,9.99999999999999980e-13,false
1001,2.07000000000000000e+04,8.31940082965053734e+04,5.92788309827922203e+04,3.27441220382018309e+03,Tsit5,9.99999999999999980e-13,9.99999999999999980e-13,false
1001,2.16000000000000000e+04,8.33353795878148521e+04,5.92468122745885703e+04,3.41936405679743893e+03,Tsit5,9.99999999999999980e-13,9.99999999999999980e-13,false
1001,2.25000000000000000e+04,8.34769594681164745e+04,5.92147384066157829e+04,3.56453153081609616e+03,Tsit5,9.99999999999999980e-13,9.99999999999999980e-13,false
1001,2.34000000000000000e+04,8.36187479544391681e+04,5.91826093950510840e+04,3.70991463931844328e+03,Tsit5,9.99999999999999980e-13,9.99999999999999980e-13,false
1001,2.43000000000000000e+04,8.37607450638124137e+04,5.91504252560738896e+04,3.85551339574191297e+03,Tsit5,9.99999999999999980e-13,9.99999999999999980e-13,false
1001,2.52000000000000000e+04,8.39029508132662158e+04,5.91181860058657767e+04,4.00132781351909580e+03,Tsit5,9.99999999999999980e-13,9.99999999999999980e-13,false
1001,2.61000000000000000e+04,8.40453652198311756e+04,5.90858916606105049e+04,4.14735790607784293e+03,Tsit5,9.99999999999999980e-13,9.99999999999999980e-13,false
1001,2.70000000000000000e+04,8.41879883005384036e+04,5.90535422364939950e+04,4.29360368684122204e+03,Tsit5,9.99999999999999980e-13,9.99999999999999980e-13,false
1001,2.79000000000000000e+04,8.43308200724195922e+04,5.90211377497043577e+04,4.44006516922761512e+03,Tsit5,9.99999999999999980e-13,9.99999999999999980e-13,false
1001,2.88000000000000000e+04,8.44738605525070016e+04,5.89886782164318502e+04,4.58674236665075114e+03,Tsit5,9.99999999999999980e-13,9.99999999999999980e-13,false
1001,2.97000000000000000e+04,8.46171097578334011e+04,5.89561636528689269e+04,4.73363529251967248e+03,Tsit5,9.99999999999999980e-13,9.99999999999999980e-13,false
1001,3.06000000000000000e+04,8.47605677054321422e+04,5.89235940752102033e+04,4.88074396023884765e+03,Tsit5,9.99999999999999980e-13,9.99999999999999980e-13,false
1001,3.15000000000000000e+04,8.49042344123371295e+04,5.88909694996524704e+04,5.02806838320817678e+03,Tsit5,9.99999999999999980e-13,9.99999999999999980e-13,false
1001,3.24000000000000000e+04,8.50481098955828202e+04,5.88582899423946801e+04,5.17560857482302526e+03,Tsit5,9.99999999999999980e-13,9.99999999999999980e-13,false
1001,3.33000000000000000e+04,8.51921941722042247e+04,5.88255554196379817e+04,5.32336454847425284e+03,Tsit5,9.99999999999999980e-13,9.99999999999999980e-13,false
1001,3.42000000000000000e+04,8.53364872592368920e+04,5.87927659475856781e+04,5.47133631754824091e+03,Tsit5,9.99999999999999980e-13,9.99999999999999980e-13,false
1001,3.51000000000000000e+04,8.54809891737169528e+04,5.87599215424432477e+04,5.61952389542696528e+03,Tsit5,9.99999999999999980e-13,9.99999999999999980e-13,false
1001,3.60000000000000000e+04,8.56256999326811056e+04,5.87270222204183447e+04,5.76792729548801344e+03,Tsit5,9.99999999999999980e-13,9.99999999999999980e-13,false
1001,3.69000000000000000e+04,8.57706195531664998e+04,5.86940679977208129e+04,5.91654653110450181e+03,Tsit5,9.99999999999999980e-13,9.99999999999999980e-13,false
1001,3.78000000000000000e+04,8.59157480522109690e+04,5.86610588905626428e+04,6.06538161564534494e+03,Tsit5,9.99999999999999980e-13,9.99999999999999980e-13,false
1001,3.87000000000000000e+04,8.60610854468528123e+04,5.86279949151580076e+04,6.21443256247506906e+03,Tsit5,9.99999999999999980e-13,9.99999999999999980e-13,false
1001,3.96000000000000000e+04,8.62066317541309108e+04,5.85948760877232635e+04,6.36369938495395400e+03,Tsit5,9.99999999999999980e-13,9.99999999999999980e-13,false
1001,4.05000000000000000e+04,8.63523869910847279e+04,5.85617024244769345e+04,6.51318209643807222e+03,Tsit5,9.99999999999999980e-13,9.99999999999999980e-13,false
1001,4.14000000000000000e+04,8.64983511747542507e+04,5.85284739416397060e+04,6.66288071027926344e+03,Tsit5,9.99999999999999980e-13,9.99999999999999980e-13,false
1001,4.23000000000000000e+04,8.66445243221799901e+04,5.84951906554344532e+04,6.81279523982516093e+03,Tsit5,9.99999999999999980e-13,9.99999999999999980e-13,false
1001,4.32000000000000000e+04,8.67909064504030684e+04,5.84618525820862342e+04,6.96292569841930799e+03,Tsit5,9.99999999999999980e-13,9.99999999999999980e-13,false
1001,4.41000000000000000e+04,8.69374975764651317e+04,5.84284597378222679e+04,7.11327209940111152e+03,Tsit5,9.99999999999999980e-13,9.99999999999999980e-13,false
1001,4.50000000000000000e+04,8.70842977174083644e+04,5.83950121388719490e+04,7.26383445610588115e+03,Tsit5,9.99999999999999980e-13,9.99999999999999980e-13,false
1001,4.59000000000000000e+04,8.72313068902755331e+04,5.83615098014668620e+04,7.41461278186490199e+03,Tsit5,9.99999999999999980e-13,9.99999999999999980e-13,false
1001,4.68000000000000000e+04,8.73785251121099427e+04,5.83279527418407451e+04,7.56560709000542829e+03,Tsit5,9.99999999999999980e-13,9.99999999999999980e-13,false
1001,4.77000000000000000e+04,8.75259523999554367e+04,5.82943409762295341e+04,7.71681739385070614e+03,Tsit5,9.99999999999999980e-13,9.99999999999999980e-13,false
1001,4.86000000000000000e+04,8.76735887708564405e+04,5.82606745208713182e+04,7.86824370672005352e+03,Tsit5,9.99999999999999980e-13,9.99999999999999980e-13,false
1001,4.95000000000000000e+04,8.78214342418579326e+04,5.82269533920063841e+04,8.01988604192885487e+03,Tsit5,9.99999999999999980e-13,9.99999999999999980e-13,false
1001,5.04000000000000000e+04,8.79694888300054008e+04,5.81931776058771793e+04,8.17174441278855465e+03,Tsit5,9.99999999999999980e-13,9.99999999999999980e-13,false
1001,5.13000000000000000e+04,8.81177525523449294e+04,5.81593471787283270e+04,8.32381883260677023e+03,Tsit5,9.99999999999999980e-13,9.99999999999999980e-13,false
1001,5.22000000000000000e+04,8.82662254259231267e+04,5.81254621268066330e+04,8.47610931468724448e+03,Tsit5,9.99999999999999980e-13,9.99999999999999980e-13,false
1001,5.31000000000000000e+04,8.84149074677871831e+04,5.80915224663610716e+04,8.62861587232994134e+03,Tsit5,9.99999999999999980e-13,9.99999999999999980e-13,false
1001,5.40000000000000000e+04,8.85637986949848273e+04,5.80575282136427995e+04,8.78133851883102216e+03,Tsit5,9.99999999999999980e-13,9.99999999999999980e-13,false
1001,5.49000000000000000e+04,8.87128991245643410e+04,5.80234793849051493e+04,8.93427726748289751e+03,Tsit5,9.99999999999999980e-13,9.99999999999999980e-13,false
1001,5.58000000000000000e+04,8.88622087735745445e+04,5.79893759964036071e+04,9.08743213157423816e+03,Tsit5,9.99999999999999980e-13,9.99999999999999980e-13,false
1001,5.67000000000000000e+04,8.90117276590648253e+04,5.79552180643959073e+04,9.24080312439001864e+03,Tsit5,9.99999999999999980e-13,9.99999999999999980e-13,false
1001,5.76000000000000000e+04,8.91614557980851241e+04,5.79210056051418796e+04,9.39439025921156099e+03,Tsit5,9.99999999999999980e-13,9.99999999999999980e-13,false
1001,5.85000000000000000e+04,8.93113932076859201e+04,5.78867386349035660e+04,9.54819354931652015e+03,Tsit5,9.99999999999999980e-13,9.99999999999999980e-13,false
1001,5.94000000000000000e+04,8.94615399049182743e+04,5.78524171699451763e+04,9.70221300797897129e+03,Tsit5,9.99999999999999980e-13,9.99999999999999980e-13,false
1001,6.03000000000000000e+04,8.96118959068337572e+04,5.78180412265330961e+04,9.85644864846935525e+03,Tsit5,9.99999999999999980e-13,9.99999999999999980e-13,false
1001,6.12000000000000000e+04,8.97624612304845359e+04,5.77836108209358936e+04,1.00109004840546004e+04,Tsit5,9.99999999999999980e-13,9.99999999999999980e-13,false
1001,6.21000000000000000e+04,8.99132358929233014e+04,5.77491259694243199e+04,1.01655685279980698e+04,Tsit5,9.99999999999999980e-13,9.99999999999999980e-13,false
1001,6.30000000000000000e+04,9.00642199112032977e+04,5.77145866882712944e+04,1.03204527935596234e+04,Tsit5,9.99999999999999980e-13,9.99999999999999980e-13,false
1001,6.39000000000000000e+04,9.02154133023783215e+04,5.76799929937519191e+04,1.04755532939956429e+04,Tsit5,9.99999999999999980e-13,9.99999999999999980e-13,false
1001,6.48000000000000000e+04,9.03668160835027520e+04,5.76453449021434790e+04,1.06308700425590832e+04,Tsit5,9.99999999999999980e-13,9.99999999999999980e-13,false
1001,6.57000000000000000e+04,9.05184282716314628e+04,5.76106424297254343e+04,1.07864030524994196e+04,Tsit5,9.99999999999999980e-13,9.99999999999999980e-13,false
1001,6.66000000000000000e+04,9.06702498838199099e+04,5.75758855927794211e+04,1.09421523370627547e+04,Tsit5,9.99999999999999980e-13,9.99999999999999980e-13,false
1001,6.75000000000000000e+04,9.08222809371241310e+04,5.75410744075892653e+04,1.10981179094918461e+04,Tsit5,9.99999999999999980e-13,9.99999999999999980e-13,false
1001,6.84000000000000000e+04,9.09745214486006589e+04,5.75062088904409538e+04,1.12542997830260501e+04,Tsit5,9.99999999999999980e-13,9.99999999999999980e-13,false
1001,6.93000000000000000e+04,9.11269714353066229e+04,5.74712890576226637e+04,1.14106979709014413e+04,Tsit5,9.99999999999999980e-13,9.99999999999999980e-13,false
1001,7.02000000000000000e+04,9.12796309142996615e+04,5.74363149254247473e+04,1.15673124863507546e+04,Tsit5,9.99999999999999980e-13,9.99999999999999980e-13,false
1001,7.11000000000000000e+04,9.14324999026379955e+04,5.74012865101397474e+04,1.17241433426034837e+04,Tsit5,9.99999999999999980e-13,9.99999999999999980e-13,false
1001,7.20000000000000000e+04,9.15855784173804132e+04,5.73662038280623601e+04,1.18811905528858933e+04,Tsit5,9.99999999999999980e-13,9.99999999999999980e-13,false
1001,7.29000000000000000e+04,9.17388664755861828e+04,5.73310668954894863e+04,1.20384541304209542e+04,Tsit5,9.99999999999999980e-13,9.99999999999999980e-13,false
1001,7.38000000000000000e+04,9.18923640943152423e+04,5.72958757287201879e+04,1.21959340884285575e+04,Tsit5,9.99999999999999980e-13,9.99999999999999980e-13,false
1001,7.47000000000000000e+04,9.20460712906279514e+04,5.72606303440557167e+04,1.23536304401252928e+04,Tsit5,9.99999999999999980e-13,9.99999999999999980e-13,false
1001,7.56000000000000000e+04,9.21999880815853248e+04,5.72253307577994856e+04,1.25115431987247066e+04,Tsit5,9.99999999999999980e-13,9.99999999999999980e-13,false
1001,7.65000000000000000e+04,9.23541144842488575e+04,5.71899769862571120e+04,1.26696723774371494e+04,Tsit5,9.99999999999999980e-13,9.99999999999999980e-13,false
1001,7.74000000000000000e+04,9.25084505156806263e+04,5.71545690457363744e+04,1.28280179894699049e+04,Tsit5,9.99999999999999980e-13,9.99999999999999980e-13,false
1001,7.83000000000000000e+04,9.26629961929432902e+04,5.71191069525472340e+04,1.29865800480272119e+04,Tsit5,9.99999999999999980e-13,9.99999999999999980e-13,false
1001,7.92000000000000000e+04,9.28177515330999740e+04,5.70835907230018420e+04,1.31453585663101712e+04,Tsit5,9.99999999999999980e-13,9.99999999999999980e-13,false
1001,8.01000000000000000e+04,9.29727165532144427e+04,5.70480203734145252e+04,1.33043535575169444e+04,Tsit5,9.99999999999999980e-13,9.99999999999999980e-13,false
1001,8.10000000000000000e+04,9.31278912703509559e+04,5.70123959201018006e+04,1.34635650348426298e+04,Tsit5,9.99999999999999980e-13,9.99999999999999980e-13,false
1001,8.19000000000000000e+04,9.32832757015743409e+04,5.69767173793823458e+04,1.36229930114793697e+04,Tsit5,9.99999999999999980e-13,9.99999999999999980e-13,false
1001,8.28000000000000000e+04,9.34388698639499926e+04,5.69409847675770361e+04,1.37826375006163562e+04,Tsit5,9.99999999999999980e-13,9.99999999999999980e-13,false
1001,8.37000000000000000e+04,9.35946737745438295e+04,5.69051981010089148e+04,1.39424985154398273e+04,Tsit5,9.99999999999999980e-13,9.99999999999999980e-13,false
1001,8.46000000000000000e+04,9.37506874504223233e+04,5.68693573960032227e+04,1.41025760691331070e+04,Tsit5,9.99999999999999980e-13,9.99999999999999980e-13,false
1001,8.55000000000000000e+04,9.39069109086525277e+04,5.68334626688873686e+04,1.42628701748766616e+04,Tsit5,9.99999999999999980e-13,9.99999999999999980e-13,false
1001,8.64000000000000000e+04,9.40633441663020203e+04,5.67975139359909372e+04,1.44233808458480689e+04,Tsit5,9.99999999999999980e-13,9.99999999999999980e-13,false
1002,0.00000000000000000e+00,2.00000000000000000e+05,1.50000000000000000e+05,0.00000000000000000e+00,Tsit5,9.99999999999999980e-13,9.99999999999999980e-13,false
1002,9.00000000000000000e+02,2.00141453076227685e+05,1.49983570607198373e+05,1.42403994754730348e+02,Tsit5,9.99999999999999980e-13,9.99999999999999980e-13,false
1002,1.80000000000000000e+03,2.00283114116931305e+05,1.49967086703385896e+05,2.85020857495893779e+02,Tsit5,9.99999999999999980e-13,9.99999999999999980e-13,false
1002,2.70000000000000000e+03,2.00424983139069227e+05,1.49950548304711236e+05,4.27850609554392463e+02,Tsit5,9.99999999999999980e-13,9.99999999999999980e-13,false
1002,3.60000000000000000e+03,2.00567060159600398e+05,1.49933955427325272e+05,5.70893272221725397e+02,Tsit5,9.99999999999999980e-13,9.99999999999999980e-13,false
1002,4.50000000000000000e+03,2.00709345195484260e+05,1.49917308087381040e+05,7.14148866750144521e+02,Tsit5,9.99999999999999980e-13,9.99999999999999980e-13,false
1002,5.40000000000000000e+03,2.00851838263680867e+05,1.49900606301033753e+05,8.57617414353001777e+02,Tsit5,9.99999999999999980e-13,9.99999999999999980e-13,false
1002,6.30000000000000000e+03,2.00994539381150767e+05,1.49883850084440754e+05,1.00129893620487292e+03,Tsit5,9.99999999999999980e-13,9.99999999999999980e-13,false
1002,7.20000000000000000e+03,2.01137448564855149e+05,1.49867039453761565e+05,1.14519345344192675e+03,Tsit5,9.99999999999999980e-13,9.99999999999999980e-13,false
1002,8.10000000000000000e+03,2.01280565831755637e+05,1.49850174425157922e+05,1.28930098716194880e+03,Tsit5,9.99999999999999980e-13,9.99999999999999980e-13,false
1002,9.00000000000000000e+03,2.01423891198814497e+05,1.49833255014793627e+05,1.43362155842478842e+03,Tsit5,9.99999999999999980e-13,9.99999999999999980e-13,false
1002,9.90000000000000000e+03,2.01567424682994490e+05,1.49816281238834723e+05,1.57815518825242111e+03,Tsit5,9.99999999999999980e-13,9.99999999999999980e-13,false
1002,1.08000000000000000e+04,2.01711166301258927e+05,1.49799253113449435e+05,1.72290189762923683e+03,Tsit5,9.99999999999999980e-13,9.99999999999999980e-13,false
1002,1.17000000000000000e+04,2.01855116070571705e+05,1.49782170654808084e+05,1.86786170750230281e+03,Tsit5,9.99999999999999980e-13,9.99999999999999980e-13,false
1002,1.26000000000000000e+04,2.01999274007897242e+05,1.49765033879083174e+05,2.01303463878151683e+03,Tsit5,9.99999999999999980e-13,9.99999999999999980e-13,false
1002,1.35000000000000000e+04,2.02143640130200540e+05,1.49747842802449421e+05,2.15842071233988190e+03,Tsit5,9.99999999999999980e-13,9.99999999999999980e-13,false
1002,1.44000000000000000e+04,2.02288214454447123e+05,1.49730597441083664e+05,2.30401994901367652e+03,Tsit5,9.99999999999999980e-13,9.99999999999999980e-13,false
1002,1.53000000000000000e+04,2.02432996997603041e+05,1.49713297811164928e+05,2.44983236960266595e+03,Tsit5,9.99999999999999980e-13,9.99999999999999980e-13,false
1002,1.62000000000000000e+04,2.02577987776634953e+05,1.49695943928874389e+05,2.59585799487040686e+03,Tsit5,9.99999999999999980e-13,9.99999999999999980e-13,false
1002,1.71000000000000000e+04,2.02723186808510014e+05,1.49678535810395406e+05,2.74209684554434170e+03,Tsit5,9.99999999999999980e-13,9.99999999999999980e-13,false
1002,1.80000000000000000e+04,2.02868594110195932e+05,1.49661073471913493e+05,2.88854894231607295e+03,Tsit5,9.99999999999999980e-13,9.99999999999999980e-13,false
1002,1.89000000000000000e+04,2.03014209698661027e+05,1.49643556929616316e+05,3.03521430584163227e+03,Tsit5,9.99999999999999980e-13,9.99999999999999980e-13,false
1002,1.98000000000000000e+04,2.03160033590874082e+05,1.49625986199693725e+05,3.18209295674154100e+03,Tsit5,9.99999999999999980e-13,9.99999999999999980e-13,false
1002,2.07000000000000000e+04,2.03306065803804493e+05,1.49608361298337783e+05,3.32918491560115945e+03,Tsit5,9.99999999999999980e-13,9.99999999999999980e-13,false
1002,2.16000000000000000e+04,2.03452306354422180e+05,1.49590682241742645e+05,3.47649020297082052e+03,Tsit5,9.99999999999999980e-13,9.99999999999999980e-13,false
1002,2.25000000000000000e+04,2.03598755259697617e+05,1.49572949046104652e+05,3.62400883936605351e+03,Tsit5,9.99999999999999980e-13,9.99999999999999980e-13,false
1002,2.34000000000000000e+04,2.03745412536601798e+05,1.49555161727622326e+05,3.77174084526775869e+03,Tsit5,9.99999999999999980e-13,9.99999999999999980e-13,false
1002,2.43000000000000000e+04,2.03892278202106332e+05,1.49537320302496373e+05,3.91968624112249518e+03,Tsit5,9.99999999999999980e-13,9.99999999999999980e-13,false
1002,2.52000000000000000e+04,2.04039352273183322e+05,1.49519424786929652e+05,4.06784504734257143e+03,Tsit5,9.99999999999999980e-13,9.99999999999999980e-13,false
1002,2.61000000000000000e+04,2.04186634766805422e+05,1.49501475197127176e+05,4.21621728430630174e+03,Tsit5,9.99999999999999980e-13,9.99999999999999980e-13,false
1002,2.70000000000000000e+04,2.04334125699945871e+05,1.49483471549296111e+05,4.36480297235823127e+03,Tsit5,9.99999999999999980e-13,9.99999999999999980e-13,false
1002,2.79000000000000000e+04,2.04481825089578400e+05,1.49465413859645836e+05,4.51360213180924256e+03,Tsit5,9.99999999999999980e-13,9.99999999999999980e-13,false
1002,2.88000000000000000e+04,2.04629732952677383e+05,1.49447302144387882e+05,4.66261478293689834e+03,Tsit5,9.99999999999999980e-13,9.99999999999999980e-13,false
1002,2.97000000000000000e+04,2.04777849306217628e+05,1.49429136419735936e+05,4.81184094598543743e+03,Tsit5,9.99999999999999980e-13,9.99999999999999980e-13,false
1002,3.06000000000000000e+04,2.04926174167174584e+05,1.49410916701905866e+05,4.96128064116616224e+03,Tsit5,9.99999999999999980e-13,9.99999999999999980e-13,false
1002,3.15000000000000000e+04,2.05074707552524167e+05,1.49392643007115723e+05,5.11093388865745783e+03,Tsit5,9.99999999999999980e-13,9.99999999999999980e-13,false
1002,3.24000000000000000e+04,2.05223449479242932e+05,1.49374315351585654e+05,5.26080070860516753e+03,Tsit5,9.99999999999999980e-13,9.99999999999999980e-13,false
1002,3.33000000000000000e+04,2.05372399964307901e+05,1.49355933751538047e+05,5.41088112112258932e+03,Tsit5,9.99999999999999980e-13,9.99999999999999980e-13,false
1002,3.42000000000000000e+04,2.05521559024696733e+05,1.49337498223197443e+05,5.56117514629084599e+03,Tsit5,9.99999999999999980e-13,9.99999999999999980e-13,false
1002,3.51000000000000000e+04,2.05670926677387528e+05,1.49319008782790537e+05,5.71168280415887057e+03,Tsit5,9.99999999999999980e-13,9.99999999999999980e-13,false
1002,3.60000000000000000e+04,2.05820502939359023e+05,1.49300465446546237e+05,5.86240411474378561e+03,Tsit5,9.99999999999999980e-13,9.99999999999999980e-13,false
1002,3.69000000000000000e+04,2.05970287827590451e+05,1.49281868230695545e+05,6.01333909803095685e+03,Tsit5,9.99999999999999980e-13,9.99999999999999980e-13,false
1002,3.78000000000000000e+04,2.06120281359061657e+05,1.49263217151471734e+05,6.16448777397426875e+03,Tsit5,9.99999999999999980e-13,9.99999999999999980e-13,false
1002,3.87000000000000000e+04,2.06270483550752921e+05,1.49244512225110142e+05,6.31585016249615910e+03,Tsit5,9.99999999999999980e-13,9.99999999999999980e-13,false
1002,3.96000000000000000e+04,2.06420894419645163e+05,1.49225753467848321e+05,6.46742628348798007e+03,Tsit5,9.99999999999999980e-13,9.99999999999999980e-13,false
1002,4.05000000000000000e+04,2.06571513982719858e+05,1.49206940895926033e+05,6.61921615681009371e+03,Tsit5,9.99999999999999980e-13,9.99999999999999980e-13,false
1002,4.14000000000000000e+04,2.06722342256958975e+05,1.49188074525585165e+05,6.77121980229199926e+03,Tsit5,9.99999999999999980e-13,9.99999999999999980e-13,false
1002,4.23000000000000000e+04,2.06873379259345063e+05,1.49169154373069759e+05,6.92343723973259512e+03,Tsit5,9.99999999999999980e-13,9.99999999999999980e-13,false
1002,4.32000000000000000e+04,2.07024625006861170e+05,1.49150180454626097e+05,7.07586848890025249e+03,Tsit5,9.99999999999999980e-13,9.99999999999999980e-13,false
1002,4.41000000000000000e+04,2.07176079516491009e+05,1.49131152786502527e+05,7.22851356953318918e+03,Tsit5,9.99999999999999980e-13,9.99999999999999980e-13,false
1002,4.50000000000000000e+04,2.07327742805218702e+05,1.49112071384949668e+05,7.38137250133935231e+03,Tsit5,9.99999999999999980e-13,9.99999999999999980e-13,false
1002,4.59000000000000000e+04,2.07479614890029014e+05,1.49092936266220262e+05,7.53444530399684209e+03,Tsit5,9.99999999999999980e-13,9.99999999999999980e-13,false
1002,4.68000000000000000e+04,2.07631695787907200e+05,1.49073747446569207e+05,7.68773199715393275e+03,Tsit5,9.99999999999999980e-13,9.99999999999999980e-13,false
1002,4.77000000000000000e+04,2.07783985515839129e+05,1.49054504942253610e+05,7.84123260042934908e+03,Tsit5,9.99999999999999980e-13,9.99999999999999980e-13,false
1002,4.86000000000000000e+04,2.07936484090811166e+05,1.49035208769532706e+05,7.99494713341233273e+03,Tsit5,9.99999999999999980e-13,9.99999999999999980e-13,false
1002,4.95000000000000000e+04,2.08089191529810225e+05,1.49015858944667969e+05,8.14887561566284876e+03,Tsit5,9.99999999999999980e-13,9.99999999999999980e-13,false
1002,5.04000000000000000e+04,2.08242107849823748e+05,1.48996455483922997e+05,8.30301806671174018e+03,Tsit5,9.99999999999999980e-13,9.99999999999999980e-13,false
1002,5.13000000000000000e+04,2.08395233067839785e+05,1.48976998403563543e+05,8.45737450606097264e+03,Tsit5,9.99999999999999980e-13,9.99999999999999980e-13,false
1002,5.22000000000000000e+04,2.08548567200846912e+05,1.48957487719857570e+05,8.61194495318370718e+03,Tsit5,9.99999999999999980e-13,9.99999999999999980e-13,false
1002,5.31000000000000000e+04,2.08702110265834257e+05,1.48937923449075141e+05,8.76672942752450217e+03,Tsit5,9.99999999999999980e-13,9.99999999999999980e-13,false
1002,5.40000000000000000e+04,2.08855862279791443e+05,1.48918305607488612e+05,8.92172794849939783e+03,Tsit5,9.99999999999999980e-13,9.99999999999999980e-13,false
1002,5.49000000000000000e+04,2.09009823259708704e+05,1.48898634211372409e+05,9.07694053549621276e+03,Tsit5,9.99999999999999980e-13,9.99999999999999980e-13,false
1002,5.58000000000000000e+04,2.09163993222576799e+05,1.48878909277003142e+05,9.23236720787460945e+03,Tsit5,9.99999999999999980e-13,9.99999999999999980e-13,false
1002,5.67000000000000000e+04,2.09318372185387008e+05,1.48859130820659659e+05,9.38800798496624157e+03,Tsit5,9.99999999999999980e-13,9.99999999999999980e-13,false
1002,5.76000000000000000e+04,2.09472960165131226e+05,1.48839298858622904e+05,9.54386288607501592e+03,Tsit5,9.99999999999999980e-13,9.99999999999999980e-13,false
1002,5.85000000000000000e+04,2.09627757178801839e+05,1.48819413407176093e+05,9.69993193047711247e+03,Tsit5,9.99999999999999980e-13,9.99999999999999980e-13,false
1002,5.94000000000000000e+04,2.09782763243391761e+05,1.48799474482604477e+05,9.85621513742119714e+03,Tsit5,9.99999999999999980e-13,9.99999999999999980e-13,false
1002,6.03000000000000000e+04,2.09937978375894541e+05,1.48779482101195608e+05,1.00127125261286565e+04,Tsit5,9.99999999999999980e-13,9.99999999999999980e-13,false
1002,6.12000000000000000e+04,2.10093402593304141e+05,1.48759436279239133e+05,1.01694241157935485e+04,Tsit5,9.99999999999999980e-13,9.99999999999999980e-13,false
1002,6.21000000000000000e+04,2.10249035912615218e+05,1.48739337033026910e+05,1.03263499255830247e+04,Tsit5,9.99999999999999980e-13,9.99999999999999980e-13,false
1002,6.30000000000000000e+04,2.10404878350822866e+05,1.48719184378852951e+05,1.04834899746372357e+04,Tsit5,9.99999999999999980e-13,9.99999999999999980e-13,false
1002,6.39000000000000000e+04,2.10560929924922792e+05,1.48698978333013452e+05,1.06408442820696418e+04,Tsit5,9.99999999999999980e-13,9.99999999999999980e-13,false
1002,6.48000000000000000e+04,2.10717190651911194e+05,1.48678718911806820e+05,1.07984128669670499e+04,Tsit5,9.99999999999999980e-13,9.99999999999999980e-13,false
1002,6.57000000000000000e+04,2.10873660548784857e+05,1.48658406131533557e+05,1.09561957483898605e+04,Tsit5,9.99999999999999980e-13,9.99999999999999980e-13,false
1002,6.66000000000000000e+04,2.11030339632541116e+05,1.48638040008496377e+05,1.11141929453721677e+04,Tsit5,9.99999999999999980e-13,9.99999999999999980e-13,false
1002,6.75000000000000000e+04,2.11187227920177829e+05,1.48617620559000148e+05,1.12724044769218908e+04,Tsit5,9.99999999999999980e-13,9.99999999999999980e-13,false
1002,6.84000000000000000e+04,2.11344325428693439e+05,1.48597147799352009e+05,1.14308303620209572e+04,Tsit5,9.99999999999999980e-13,9.99999999999999980e-13,false
1002,6.93000000000000000e+04,2.11501632175086823e+05,1.48576621745861106e+05,1.15894706196253373e+04,Tsit5,9.99999999999999980e-13,9.99999999999999980e-13,false
1002,7.02000000000000000e+04,2.11659148176357616e+05,1.48556042414838914e+05,1.17483252686654632e+04,Tsit5,9.99999999999999980e-13,9.99999999999999980e-13,false
1002,7.11000000000000000e+04,2.11816873449505743e+05,1.48535409822598944e+05,1.19073943280459480e+04,Tsit5,9.99999999999999980e-13,9.99999999999999980e-13,false
1002,7.20000000000000000e+04,2.11974808011531917e+05,1.48514723985457036e+05,1.20666778166461827e+04,Tsit5,9.99999999999999980e-13,9.99999999999999980e-13,false
1002,7.29000000000000000e+04,2.12132951879437256e+05,1.48493984919731069e+05,1.22261757533201326e+04,Tsit5,9.99999999999999980e-13,9.99999999999999980e-13,false
1002,7.38000000000000000e+04,2.12291305070223403e+05,1.48473192641741131e+05,1.23858881568965753e+04,Tsit5,9.99999999999999980e-13,9.99999999999999980e-13,false
1002,7.47000000000000000e+04,2.12449867600892641e+05,1.48452347167809581e+05,1.25458150461793466e+04,Tsit5,9.99999999999999980e-13,9.99999999999999980e-13,false
1002,7.56000000000000000e+04,2.12608639488447749e+05,1.48431448514260846e+05,1.27059564399473584e+04,Tsit5,9.99999999999999980e-13,9.99999999999999980e-13,false
1002,7.65000000000000000e+04,2.12767620749892056e+05,1.48410496697421535e+05,1.28663123569547806e+04,Tsit5,9.99999999999999980e-13,9.99999999999999980e-13,false
1002,7.74000000000000000e+04,2.12926811402229447e+05,1.48389491733620496e+05,1.30268828159311652e+04,Tsit5,9.99999999999999980e-13,9.99999999999999980e-13,false
1002,7.83000000000000000e+04,2.13086211462464358e+05,1.48368433639188705e+05,1.31876678355816039e+04,Tsit5,9.99999999999999980e-13,9.99999999999999980e-13,false
1002,7.92000000000000000e+04,2.13245820947601751e+05,1.48347322430459317e+05,1.33486674345868159e+04,Tsit5,9.99999999999999980e-13,9.99999999999999980e-13,false
1002,8.01000000000000000e+04,2.13405639874647139e+05,1.48326158123767673e+05,1.35098816316033226e+04,Tsit5,9.99999999999999980e-13,9.99999999999999980e-13,false
1002,8.10000000000000000e+04,2.13565668260606588e+05,1.48304940735451295e+05,1.36713104452635689e+04,Tsit5,9.99999999999999980e-13,9.99999999999999980e-13,false
1002,8.19000000000000000e+04,2.13725906122486689e+05,1.48283670281849860e+05,1.38329538941760347e+04,Tsit5,9.99999999999999980e-13,9.99999999999999980e-13,false
1002,8.28000000000000000e+04,2.13886353477294644e+05,1.48262346779305255e+05,1.39948119969254476e+04,Tsit5,9.99999999999999980e-13,9.99999999999999980e-13,false
1002,8.37000000000000000e+04,2.14047010342038091e+05,1.48240970244161523e+05,1.41568847720727426e+04,Tsit5,9.99999999999999980e-13,9.99999999999999980e-13,false
1002,8.46000000000000000e+04,2.14207876733725367e+05,1.48219540692764887e+05,1.43191722381554464e+04,Tsit5,9.99999999999999980e-13,9.99999999999999980e-13,false
1002,8.55000000000000000e+04,2.14368952669365157e+05,1.48198058141463756e+05,1.44816744136874677e+04,Tsit5,9.99999999999999980e-13,9.99999999999999980e-13,false
1002,8.64000000000000000e+04,2.14530238165966875e+05,1.48176522606608662e+05,1.46443913171595959e+04,Tsit5,9.99999999999999980e-13,9.99999999999999980e-13,false
1003,0.00000000000000000e+00,3.20000000000000000e+05,2.40000000000000000e+05,0.00000000000000000e+00,Tsit5,9.99999999999999980e-13,9.99999999999999980e-13,false
1003,9.00000000000000000e+02,3.20146327709259465e+05,2.39997886787985190e+05,1.46342967586905786e+02,Tsit5,9.99999999999999980e-13,9.99999999999999980e-13,false
1003,1.80000000000000000e+03,3.20292863149990677e+05,2.39995720085195178e+05,2.92894426096436348e+02,Tsit5,9.99999999999999980e-13,9.99999999999999980e-13,false
1003,2.70000000000000000e+03,3.20439606339094229e+05,2.39993499907800026e+05,4.39654409524981361e+02,Tsit5,9.99999999999999980e-13,9.99999999999999980e-13,false
1003,3.60000000000000000e+03,3.20586557293471240e+05,2.39991226271972002e+05,5.86622951778733068e+02,Tsit5,9.99999999999999980e-13,9.99999999999999980e-13,false
1003,4.50000000000000000e+03,3.20733716030023468e+05,2.39988899193885532e+05,7.33800086674302520e+02,Tsit5,9.99999999999999980e-13,9.99999999999999980e-13,false
1003,5.40000000000000000e+03,3.20881082565653080e+05,2.39986518689717166e+05,8.81185847938982192e+02,Tsit5,9.99999999999999980e-13,9.99999999999999980e-13,false
1003,6.30000000000000000e+03,3.21028656917262881e+05,2.39984084775645606e+05,1.02878026921147102e+03,Tsit5,9.99999999999999980e-13,9.99999999999999980e-13,false
1003,7.20000000000000000e+03,3.21176439101756201e+05,2.39981597467851738e+05,1.17658338404224605e+03,Tsit5,9.99999999999999980e-13,9.99999999999999980e-13,false
1003,8.10000000000000000e+03,3.21324429136036895e+05,2.39979056782518630e+05,1.32459522589404810e+03,Tsit5,9.99999999999999980e-13,9.99999999999999980e-13,false
1003,9.00000000000000000e+03,3.21472627037009399e+05,2.39976462735831476e+05,1.47281582814242370e+03,Tsit5,9.99999999999999980e-13,9.99999999999999980e-13,false
1003,9.90000000000000000e+03,3.21621032821578614e+05,2.39973815343977651e+05,1.62124522407608629e+03,Tsit5,9.99999999999999980e-13,9.99999999999999980e-13,false
1003,1.08000000000000000e+04,3.21769646506650141e+05,2.39971114623146685e+05,1.76988344689762607e+03,Tsit5,9.99999999999999980e-13,9.99999999999999980e-13,false
1003,1.17000000000000000e+04,3.21918468109129870e+05,2.39968360589530261e+05,1.91873052972357527e+03,Tsit5,9.99999999999999980e-13,9.99999999999999980e-13,false
1003,1.26000000000000000e+04,3.22067497645924566e+05,2.39965553259322216e+05,2.06778650558545996e+03,Tsit5,9.99999999999999980e-13,9.99999999999999980e-13,false
1003,1.35000000000000000e+04,3.22216735133941227e+05,2.39962692648718599e+05,2.21705140742962612e+03,Tsit5,9.99999999999999980e-13,9.99999999999999980e-13,false
1003,1.44000000000000000e+04,3.22366180590087606e+05,2.39959778773917584e+05,2.36652526811822690e+03,Tsit5,9.99999999999999980e-13,9.99999999999999980e-13,false
1003,1.53000000000000000e+04,3.22515834031271981e+05,2.39956811651119468e+05,2.51620812042945272e+03,Tsit5,9.99999999999999980e-13,9.99999999999999980e-13,false
1003,1.62000000000000000e+04,3.22665695474402979e+05,2.39953791296526761e+05,2.66609999705781092e+03,Tsit5,9.99999999999999980e-13,9.99999999999999980e-13,false
1003,1.71000000000000000e+04,3.22815764936389984e+05,2.39950717726344155e+05,2.81620093061498892e+03,Tsit5,9.99999999999999980e-13,9.99999999999999980e-13,false
1003,1.80000000000000000e+04,3.22966042434142902e+05,2.39947590956778469e+05,2.96651095363007425e+03,Tsit5,9.99999999999999980e-13,9.99999999999999980e-13,false
1003,1.89000000000000000e+04,3.23116527984572109e+05,2.39944411004038644e+05,3.11703009854994389e+03,Tsit5,9.99999999999999980e-13,9.99999999999999980e-13,false
1003,1.98000000000000000e+04,3.23267221604588500e+05,2.39941177884335862e+05,3.26775839773976713e+03,Tsit5,9.99999999999999980e-13,9.99999999999999980e-13,false
1003,2.07000000000000000e+04,3.23418123311103671e+05,2.39937891613883432e+05,3.41869588348362504e+03,Tsit5,9.99999999999999980e-13,9.99999999999999980e-13,false
1003,2.16000000000000000e+04,3.23569233121029567e+05,2.39934552208896814e+05,3.56984258798459996e+03,Tsit5,9.99999999999999980e-13,9.99999999999999980e-13,false
1003,2.25000000000000000e+04,3.23720551051278773e+05,2.39931159685593651e+05,3.72119854336550361e+03,Tsit5,9.99999999999999980e-13,9.99999999999999980e-13,false
1003,2.34000000000000000e+04,3.23872077118764457e+05,2.39927714060193714e+05,3.87276378166925406e+03,Tsit5,9.99999999999999980e-13,9.99999999999999980e-13,false
1003,2.43000000000000000e+04,3.24023811340400251e+05,2.39924215348919010e+05,4.02453833485918767e+03,Tsit5,9.99999999999999980e-13,9.99999999999999980e-13,false
1003,2.52000000000000000e+04,3.24175753733100428e+05,2.39920663567993644e+05,4.17652223481966575e+03,Tsit5,9.99999999999999980e-13,9.99999999999999980e-13,false
1003,2.61000000000000000e+04,3.24327904313779727e+05,2.39917058733643935e+05,4.32871551335632375e+03,Tsit5,9.99999999999999980e-13,9.99999999999999980e-13,false
1003,2.70000000000000000e+04,3.24480263099353353e+05,2.39913400862098293e+05,4.48111820219649690e+03,Tsit5,9.99999999999999980e-13,9.99999999999999980e-13,false
1003,2.79000000000000000e+04,3.24632830106737267e+05,2.39909689969587373e+05,4.63373033298992596e+03,Tsit5,9.99999999999999980e-13,9.99999999999999980e-13,false
1003,2.88000000000000000e+04,3.24785605352847837e+05,2.39905926072343922e+05,4.78655193730883275e+03,Tsit5,9.99999999999999980e-13,9.99999999999999980e-13,false
1003,2.97000000000000000e+04,3.24938588854601898e+05,2.39902109186602931e+05,4.93958304664838670e+03,Tsit5,9.99999999999999980e-13,9.99999999999999980e-13,false
1003,3.06000000000000000e+04,3.25091780628917099e+05,2.39898239328601456e+05,5.09282369242747154e+03,Tsit5,9.99999999999999980e-13,9.99999999999999980e-13,false
1003,3.15000000000000000e+04,3.25245180692711263e+05,2.39894316514578823e+05,5.24627390598844977e+03,Tsit5,9.99999999999999980e-13,9.99999999999999980e-13,false
1003,3.24000000000000000e+04,3.25398789062903088e+05,2.39890340760776453e+05,5.39993371859827221e+03,Tsit5,9.99999999999999980e-13,9.99999999999999980e-13,false
1003,3.33000000000000000e+04,3.25552605756411678e+05,2.39886312083437922e+05,5.55380316144841527e+03,Tsit5,9.99999999999999980e-13,9.99999999999999980e-13,false
1003,3.42000000000000000e+04,3.25706630790156603e+05,2.39882230498809018e+05,5.70788226565533932e+03,Tsit5,9.99999999999999980e-13,9.99999999999999980e-13,false
1003,3.51000000000000000e+04,3.25860864181058190e+05,2.39878096023137681e+05,5.86217106226118085e+03,Tsit5,9.99999999999999980e-13,9.99999999999999980e-13,false
1003,3.60000000000000000e+04,3.26015305946037057e+05,2.39873908672674006e+05,6.01666958223368147e+03,Tsit5,9.99999999999999980e-13,9.99999999999999980e-13,false
1003,3.69000000000000000e+04,3.26169956102014519e+05,2.39869668463670241e+05,6.17137785646699194e+03,Tsit5,9.99999999999999980e-13,9.99999999999999980e-13,false
1003,3.78000000000000000e+04,3.26324814665912418e+05,2.39865375412380847e+05,6.32629591578188501e+03,Tsit5,9.99999999999999980e-13,9.99999999999999980e-13,false
1003,3.87000000000000000e+04,3.26479881654653058e+05,2.39861029535062349e+05,6.48142379092609372e+03,Tsit5,9.99999999999999980e-13,9.99999999999999980e-13,false
1003,3.96000000000000000e+04,3.26635157085159444e+05,2.39856630847973574e+05,6.63676151257492074e+03,Tsit5,9.99999999999999980e-13,9.99999999999999980e-13,false
1003,4.05000000000000000e+04,3.26790640974354988e+05,2.39852179367375415e+05,6.79230911133134032e+03,Tsit5,9.99999999999999980e-13,9.99999999999999980e-13,false
1003,4.14000000000000000e+04,3.26946333339163684e+05,2.39847675109530945e+05,6.94806661772654934e+03,Tsit5,9.99999999999999980e-13,9.99999999999999980e-13,false
1003,4.23000000000000000e+04,3.27102234196510050e+05,2.39843118090705422e+05,7.10403406222028934e+03,Tsit5,9.99999999999999980e-13,9.99999999999999980e-13,false
1003,4.32000000000000000e+04,3.27258343563319242e+05,2.39838508327166288e+05,7.26021147520134036e+03,Tsit5,9.99999999999999980e-13,9.99999999999999980e-13,false
1003,4.41000000000000000e+04,3.27414661456516827e+05,2.39833845835183107e+05,7.41659888698766372e+03,Tsit5,9.99999999999999980e-13,9.99999999999999980e-13,false
1003,4.50000000000000000e+04,3.27571187893029011e+05,2.39829130631027685e+05,7.57319632782700228e+03,Tsit5,9.99999999999999980e-13,9.99999999999999980e-13,false
1003,4.59000000000000000e+04,3.27727922889782523e+05,2.39824362730973895e+05,7.73000382789714058e+03,Tsit5,9.99999999999999980e-13,9.99999999999999980e-13,false
1003,4.68000000000000000e+04,3.27884866463704500e+05,2.39819542151297821e+05,7.88702141730615040e+03,Tsit5,9.99999999999999980e-13,9.99999999999999980e-13,false
1003,4.77000000000000000e+04,3.28042018631722894e+05,2.39814668908277759e+05,8.04424912609316470e+03,Tsit5,9.99999999999999980e-13,9.99999999999999980e-13,false
1003,4.86000000000000000e+04,3.28199379410765949e+05,2.39809743018194131e+05,8.20168698422821763e+03,Tsit5,9.99999999999999980e-13,9.99999999999999980e-13,false
1003,4.95000000000000000e+04,3.28356948817762604e+05,2.39804764497329510e+05,8.35933502161301112e+03,Tsit5,9.99999999999999980e-13,9.99999999999999980e-13,false
1003,5.04000000000000000e+04,3.28514726869642211e+05,2.39799733361968654e+05,8.51719326808098231e+03,Tsit5,9.99999999999999980e-13,9.99999999999999980e-13,false
1003,5.13000000000000000e+04,3.28672713583334815e+05,2.39794649628398503e+05,8.67526175339795191e+03,Tsit5,9.99999999999999980e-13,9.99999999999999980e-13,false
1003,5.22000000000000000e+04,3.28830908975770930e+05,2.39789513312908122e+05,8.83354050726224341e+03,Tsit5,9.99999999999999980e-13,9.99999999999999980e-13,false
1003,5.31000000000000000e+04,3.28989313063881535e+05,2.39784324431788787e+05,8.99202955930503595e+03,Tsit5,9.99999999999999980e-13,9.99999999999999980e-13,false
1003,5.40000000000000000e+04,3.29147925864598306e+05,2.39779083001333929e+05,9.15072893909094273e+03,Tsit5,9.99999999999999980e-13,9.99999999999999980e-13,false
1003,5.49000000000000000e+04,3.29306747394853330e+05,2.39773789037839102e+05,9.30963867611807291e+03,Tsit5,9.99999999999999980e-13,9.99999999999999980e-13,false
1003,5.58000000000000000e+04,3.29465777671579330e+05,2.39768442557602131e+05,9.46875879981860453e+03,Tsit5,9.99999999999999980e-13,9.99999999999999980e-13,false
1003,5.67000000000000000e+04,3.29625016711709439e+05,2.39763043576922908e+05,9.62808933955889734e+03,Tsit5,9.99999999999999980e-13,9.99999999999999980e-13,false
1003,5.76000000000000000e+04,3.29784464532177604e+05,2.39757592112103506e+05,9.78763032464024036e+03,Tsit5,9.99999999999999980e-13,9.99999999999999980e-13,false
1003,5.85000000000000000e+04,3.29944121149917948e+05,2.39752088179448270e+05,9.94738178429854634e+03,Tsit5,9.99999999999999980e-13,9.99999999999999980e-13,false
1003,5.94000000000000000e+04,3.30103986581865407e+05,2.39746531795263611e+05,1.01073437477053358e+04,Tsit5,9.99999999999999980e-13,9.99999999999999980e-13,false
1003,6.03000000000000000e+04,3.30264060844955384e+05,2.39740922975858091e+05,1.02675162439677188e+04,Tsit5,9.99999999999999980e-13,9.99999999999999980e-13,false
1003,6.12000000000000000e+04,3.30424343956123805e+05,2.39735261737542547e+05,1.04278993021287788e+04,Tsit5,9.99999999999999980e-13,9.99999999999999980e-13,false
1003,6.21000000000000000e+04,3.30584835932307120e+05,2.39729548096629849e+05,1.05884929511679147e+04,Tsit5,9.99999999999999980e-13,9.99999999999999980e-13,false
1003,6.30000000000000000e+04,3.30745536790442362e+05,2.39723782069435139e+05,1.07492972200012173e+04,Tsit5,9.99999999999999980e-13,9.99999999999999980e-13,false
1003,6.39000000000000000e+04,3.30906446547467145e+05,2.39717963672275655e+05,1.09103121374818038e+04,Tsit5,9.99999999999999980e-13,9.99999999999999980e-13,false
1003,6.48000000000000000e+04,3.31067565220319491e+05,2.39712092921470874e+05,1.10715377323999601e+04,Tsit5,9.99999999999999980e-13,9.99999999999999980e-13,false
1003,6.57000000000000000e+04,3.31228892825938121e+05,2.39706169833342428e+05,1.12329740334837534e+04,Tsit5,9.99999999999999980e-13,9.99999999999999980e-13,false
1003,6.66000000000000000e+04,3.31390429381262162e+05,2.39700194424214074e+05,1.13946210693990706e+04,Tsit5,9.99999999999999980e-13,9.99999999999999980e-13,false
1003,6.75000000000000000e+04,3.31552174903231382e+05,2.39694166710411810e+05,1.15564788687501605e+04,Tsit5,9.99999999999999980e-13,9.99999999999999980e-13,false
1003,6.84000000000000000e+04,3.31714129408786073e+05,2.39688086708263727e+05,1.17185474600798352e+04,Tsit5,9.99999999999999980e-13,9.99999999999999980e-13,false
1003,6.93000000000000000e+04,3.31876292914866994e+05,2.39681954434100131e+05,1.18808268718697291e+04,Tsit5,9.99999999999999980e-13,9.99999999999999980e-13,false
1003,7.02000000000000000e+04,3.32038665438415483e+05,2.39675769904253510e+05,1.20433171325407257e+04,Tsit5,9.99999999999999980e-13,9.99999999999999980e-13,false
1003,7.11000000000000000e+04,3.32201246996373520e+05,2.39669533135058504e+05,1.22060182704533254e+04,Tsit5,9.99999999999999980e-13,9.99999999999999980e-13,false
1003,7.20000000000000000e+04,3.32364037605683436e+05,2.39663244142851938e+05,1.23689303139076619e+04,Tsit5,9.99999999999999980e-13,9.99999999999999980e-13,false
1003,7.29000000000000000e+04,3.32527037283288315e+05,2.39656902943972760e+05,1.25320532911442242e+04,Tsit5,9.99999999999999980e-13,9.99999999999999980e-13,false
1003,7.38000000000000000e+04,3.32690246046131593e+05,2.39650509554762160e+05,1.26953872303437420e+04,Tsit5,9.99999999999999980e-13,9.99999999999999980e-13,false
1003,7.47000000000000000e+04,3.32853663911157404e+05,2.39644063991563453e+05,1.28589321596278460e+04,Tsit5,9.99999999999999980e-13,9.99999999999999980e-13,false
1003,7.56000000000000000e+04,3.33017290895310231e+05,2.39637566270722135e+05,1.30226881070590189e+04,Tsit5,9.99999999999999980e-13,9.99999999999999980e-13,false
1003,7.65000000000000000e+04,3.33181127015535370e+05,2.39631016408585856e+05,1.31866551006413574e+04,Tsit5,9.99999999999999980e-13,9.99999999999999980e-13,false
1003,7.74000000000000000e+04,3.33345172288778354e+05,2.39624414421504480e+05,1.33508331683202887e+04,Tsit5,9.99999999999999980e-13,9.99999999999999980e-13,false
1003,7.83000000000000000e+04,3.33509426731985528e+05,2.39617760325830022e+05,1.35152223379834486e+04,Tsit5,9.99999999999999980e-13,9.99999999999999980e-13,false
1003,7.92000000000000000e+04,3.33673890362103644e+05,2.39611054137916624e+05,1.36798226374605711e+04,Tsit5,9.99999999999999980e-13,9.99999999999999980e-13,false
1003,8.01000000000000000e+04,3.33838563196079922e+05,2.39604295874120668e+05,1.38446340945238298e+04,Tsit5,9.99999999999999980e-13,9.99999999999999980e-13,false
1003,8.10000000000000000e+04,3.34003445250862278e+05,2.39597485550800659e+05,1.40096567368883698e+04,Tsit5,9.99999999999999980e-13,9.99999999999999980e-13,false
1003,8.19000000000000000e+04,3.34168536543399096e+05,2.39590623184317315e+05,1.41748905922123577e+04,Tsit5,9.99999999999999980e-13,9.99999999999999980e-13,false
1003,8.28000000000000000e+04,3.34333837090639339e+05,2.39583708791033452e+05,1.43403356880973915e+04,Tsit5,9.99999999999999980e-13,9.99999999999999980e-13,false
1003,8.37000000000000000e+04,3.34499346909532440e+05,2.39576742387314152e+05,1.45059920520886590e+04,Tsit5,9.99999999999999980e-13,9.99999999999999980e-13,false
1003,8.46000000000000000e+04,3.34665066017028410e+05,2.39569723989526567e+05,1.46718597116753481e+04,Tsit5,9.99999999999999980e-13,9.99999999999999980e-13,false
1003,8.55000000000000000e+04,3.34830994430077844e+05,2.39562653614040115e+05,1.48379386942909186e+04,Tsit5,9.99999999999999980e-13,9.99999999999999980e-13,false
1003,8.64000000000000000e+04,3.34997132165631803e+05,2.39555531277226371e+05,1.50042290273132730e+04,Tsit5,9.99999999999999980e-13,9.99999999999999980e-13,false
