particle_id,time_s,x_m,y_m,path_m
1001,0.00000000000000000e+00,8.00000000000000000e+04,6.00000000000000000e+04,0.00000000000000000e+00
1002,0.00000000000000000e+00,2.00000000000000000e+05,1.50000000000000000e+05,0.00000000000000000e+00
1003,0.00000000000000000e+00,3.20000000000000000e+05,2.40000000000000000e+05,0.00000000000000000e+00
1001,9.00000000000000000e+02,8.01365784431959473e+04,5.99692544264116077e+04,1.39996290811963490e+02
1002,9.00000000000000000e+02,2.00141453076227714e+05,1.49983570607198402e+05,1.42403994754755900e+02
1003,9.00000000000000000e+02,3.20146327709259465e+05,2.39997886787985160e+05,1.46342967586906212e+02
1001,1.80000000000000000e+03,8.02733650838719914e+04,5.99384533215766569e+04,2.80207892066962415e+02
1002,1.80000000000000000e+03,2.00283114116931334e+05,1.49967086703385925e+05,2.85020857495919302e+02
1003,1.80000000000000000e+03,3.20292863149990677e+05,2.39995720085195149e+05,2.92894426096436746e+02
1001,2.70000000000000000e+03,8.04103599390442978e+04,5.99075967016224822e+04,4.20634817329454677e+02
1002,2.70000000000000000e+03,2.00424983139069256e+05,1.49950548304711265e+05,4.27850609554417929e+02
1003,2.70000000000000000e+03,3.20439606339094229e+05,2.39993499907799996e+05,4.39654409524981816e+02
1001,3.60000000000000000e+03,8.05475630257295707e+04,5.98766845826785720e+04,5.61277080158125614e+02
1002,3.60000000000000000e+03,2.00567060159600427e+05,1.49933955427325302e+05,5.70893272221750863e+02
1003,3.60000000000000000e+03,3.20586557293471240e+05,2.39991226271971973e+05,5.86622951778733523e+02
1001,4.50000000000000000e+03,8.06849743609450816e+04,5.98457169808765975e+04,7.02134694105953031e+02
1002,4.50000000000000000e+03,2.00709345195484289e+05,1.49917308087381069e+05,7.14148866750169987e+02
1003,4.50000000000000000e+03,3.20733716030023468e+05,2.39988899193885503e+05,7.33800086674302975e+02
1001,5.40000000000000000e+03,8.08225939617086697e+04,5.98146939123503907e+04,8.43207672720254322e+02
1002,5.40000000000000000e+03,2.00851838263680896e+05,1.49900606301033782e+05,8.57617414353027243e+02
1003,5.40000000000000000e+03,3.20881082565653080e+05,2.39986518689717108e+05,8.81185847938983102e+02
1001,6.30000000000000000e+03,8.09604218450386979e+04,5.97836153932359521e+04,9.84496029542684710e+02
1002,6.30000000000000000e+03,2.00994539381150826e+05,1.49883850084440783e+05,1.00129893620492726e+03
1003,6.30000000000000000e+03,3.21028656917262881e+05,2.39984084775645548e+05,1.02878026921147193e+03
1001,7.20000000000000000e+03,8.10984580279541115e+04,5.97524814396714501e+04,1.12599977810933592e+03
1002,7.20000000000000000e+03,2.01137448564855207e+05,1.49867039453761594e+05,1.14519345344198109e+03
1003,7.20000000000000000e+03,3.21176439101756201e+05,2.39981597467851680e+05,1.17658338404224696e+03
1001,8.10000000000000000e+03,8.12367025274744083e+04,5.97212920677972288e+04,1.26771893195074790e+03
1002,8.10000000000000000e+03,2.01280565831755695e+05,1.49850174425157922e+05,1.28930098716200632e+03
1003,8.10000000000000000e+03,3.21324429136036895e+05,2.39979056782518572e+05,1.32459522589404901e+03
1001,9.00000000000000000e+03,8.13751553606196248e+04,5.96900472937558006e+04,1.40965350459193724e+03
1002,9.00000000000000000e+03,2.01423891198814556e+05,1.49833255014793627e+05,1.43362155842484617e+03
1003,9.00000000000000000e+03,3.21472627037009399e+05,2.39976462735831417e+05,1.47281582814242461e+03
1001,9.90000000000000000e+03,8.15138165444103652e+04,5.96587471336918388e+04,1.55180350955246854e+03
1002,9.90000000000000000e+03,2.01567424682994548e+05,1.49816281238834723e+05,1.57815518825247887e+03
1003,9.90000000000000000e+03,3.21621032821578614e+05,2.39973815343977592e+05,1.62124522407608720e+03
1001,1.08000000000000000e+04,8.16526860958677717e+04,5.96273916037521994e+04,1.69416896034646174e+03
1002,1.08000000000000000e+04,2.01711166301258985e+05,1.49799253113449406e+05,1.72290189762929799e+03
1003,1.08000000000000000e+04,3.21769646506650082e+05,2.39971114623146626e+05,1.76988344689756877e+03
1001,1.17000000000000000e+04,8.17917640320135688e+04,5.95959807200858922e+04,1.83674987048268122e+03
1002,1.17000000000000000e+04,2.01855116070571763e+05,1.49782170654808055e+05,1.86786170750236397e+03
1003,1.17000000000000000e+04,3.21918468109129870e+05,2.39968360589530203e+05,1.91873052972357618e+03
1001,1.26000000000000000e+04,8.19310503698700195e+04,5.95645144988441098e+04,1.97954625346452758e+03
1002,1.26000000000000000e+04,2.01999274007897329e+05,1.49765033879083145e+05,2.01303463878160687e+03
1003,1.26000000000000000e+04,3.22067497645924508e+05,2.39965553259322158e+05,2.06778650558540267e+03
1001,1.35000000000000000e+04,8.20705451264599251e+04,5.95329929561802128e+04,2.12255812279008023e+03
1002,1.35000000000000000e+04,2.02143640130200627e+05,1.49747842802449391e+05,2.15842071233997194e+03
1003,1.35000000000000000e+04,3.22216735133941169e+05,2.39962692648718541e+05,2.21705140742956883e+03
1001,1.44000000000000000e+04,8.22102483188066835e+04,5.95014161082497303e+04,2.26578549195219330e+03
1002,1.44000000000000000e+04,2.02288214454447210e+05,1.49730597441083635e+05,2.30401994901376656e+03
1003,1.44000000000000000e+04,3.22366180590087548e+05,2.39959778773917496e+05,2.36652526811817052e+03
1001,1.53000000000000000e+04,8.23501599639342021e+04,5.94697839712103596e+04,2.40922837443845037e+03
1002,1.53000000000000000e+04,2.02432996997603128e+05,1.49713297811164899e+05,2.44983236960275599e+03
1003,1.53000000000000000e+04,3.22515834031271865e+05,2.39956811651119380e+05,2.51620812042933812e+03
1001,1.62000000000000000e+04,8.24902800788669847e+04,5.94380965612219734e+04,2.55288678373128732e+03
1002,1.62000000000000000e+04,2.02577987776635040e+05,1.49695943928874360e+05,2.59585799487049690e+03
1003,1.62000000000000000e+04,3.22665695474402863e+05,2.39953791296526673e+05,2.66609999705769633e+03
1001,1.71000000000000000e+04,8.26306086806300591e+04,5.94063538944466127e+04,2.69676073330796044e+03
1002,1.71000000000000000e+04,2.02723186808510101e+05,1.49678535810395377e+05,2.74209684554443174e+03
1003,1.71000000000000000e+04,3.22815764936389925e+05,2.39950717726344039e+05,2.81620093061493344e+03
1001,1.80000000000000000e+04,8.27711457862490061e+04,5.93745559870484867e+04,2.84085023664061418e+03
1002,1.80000000000000000e+04,2.02868594110196020e+05,1.49661073471913463e+05,2.88854894231616299e+03
1003,1.80000000000000000e+04,3.22966042434142844e+05,2.39947590956778324e+05,2.96651095363001923e+03
1001,1.89000000000000000e+04,8.29118914127499884e+04,5.93427028551939802e+04,2.98515530719634535e+03
1002,1.89000000000000000e+04,2.03014209698661114e+05,1.49643556929616287e+05,3.03521430584172231e+03
1003,1.89000000000000000e+04,3.23116527984572051e+05,2.39944411004038499e+05,3.11703009854988886e+03
1001,1.98000000000000000e+04,8.30528455771596928e+04,5.93107945150516389e+04,3.12967595843718800e+03
1002,1.98000000000000000e+04,2.03160033590874169e+05,1.49625986199693725e+05,3.18209295674162786e+03
1003,1.98000000000000000e+04,3.23267221604588442e+05,2.39941177884335717e+05,3.26775839773971211e+03
1001,2.07000000000000000e+04,8.31940082965053734e+04,5.92788309827921912e+04,3.27441220382018855e+03
1002,2.07000000000000000e+04,2.03306065803804580e+05,1.49608361298337783e+05,3.32918491560124630e+03
1003,2.07000000000000000e+04,3.23418123311103554e+05,2.39937891613883257e+05,3.41869588348351272e+03
1001,2.16000000000000000e+04,8.33353795878148521e+04,5.92468122745885339e+04,3.41936405679744576e+03
1002,2.16000000000000000e+04,2.03452306354422268e+05,1.49590682241742645e+05,3.47649020297090738e+03
1003,2.16000000000000000e+04,3.23569233121029451e+05,2.39934552208896639e+05,3.56984258798448809e+03
1001,2.25000000000000000e+04,8.34769594681164890e+04,5.92147384066157319e+04,3.56453153081612027e+03
1002,2.25000000000000000e+04,2.03598755259697704e+05,1.49572949046104652e+05,3.62400883936614036e+03
1003,2.25000000000000000e+04,3.23720551051278657e+05,2.39931159685593477e+05,3.72119854336539174e+03
1001,2.34000000000000000e+04,8.36187479544391972e+04,5.91826093950510258e+04,3.70991463931848330e+03
1002,2.34000000000000000e+04,2.03745412536601885e+05,1.49555161727622355e+05,3.77174084526784191e+03
1003,2.34000000000000000e+04,3.23872077118764340e+05,2.39927714060193568e+05,3.87276378166914128e+03
1001,2.43000000000000000e+04,8.37607450638124428e+04,5.91504252560738241e+04,3.85551339574195435e+03
1002,2.43000000000000000e+04,2.03892278202106419e+05,1.49537320302496402e+05,3.91968624112257839e+03
1003,2.43000000000000000e+04,3.24023811340400134e+05,2.39924215348918864e+05,4.02453833485907489e+03
1001,2.52000000000000000e+04,8.39029508132662449e+04,5.91181860058657112e+04,4.00132781351913718e+03
1002,2.52000000000000000e+04,2.04039352273183409e+05,1.49519424786929681e+05,4.06784504734265465e+03
1003,2.52000000000000000e+04,3.24175753733100311e+05,2.39920663567993528e+05,4.17652223481955207e+03
1001,2.61000000000000000e+04,8.40453652198311902e+04,5.90858916606104394e+04,4.14735790607787021e+03
1002,2.61000000000000000e+04,2.04186634766805510e+05,1.49501475197127205e+05,4.21621728430638450e+03
1003,2.61000000000000000e+04,3.24327904313779552e+05,2.39917058733643818e+05,4.32871551335615186e+03
1001,2.70000000000000000e+04,8.41879883005384181e+04,5.90535422364939368e+04,4.29360368684124751e+03
1002,2.70000000000000000e+04,2.04334125699945958e+05,1.49483471549296140e+05,4.36480297235831404e+03
1003,2.70000000000000000e+04,3.24480263099353237e+05,2.39913400862098206e+05,4.48111820219638230e+03
1001,2.79000000000000000e+04,8.43308200724196067e+04,5.90211377497042995e+04,4.44006516922764058e+03
1002,2.79000000000000000e+04,2.04481825089578517e+05,1.49465413859645865e+05,4.51360213180935352e+03
1003,2.79000000000000000e+04,3.24632830106737150e+05,2.39909689969587285e+05,4.63373033298981136e+03
1001,2.88000000000000000e+04,8.44738605525070016e+04,5.89886782164317992e+04,4.58674236665076023e+03
1002,2.88000000000000000e+04,2.04629732952677470e+05,1.49447302144387912e+05,4.66261478293698110e+03
1003,2.88000000000000000e+04,3.24785605352847662e+05,2.39905926072343864e+05,4.78655193730865903e+03
1001,2.97000000000000000e+04,8.46171097578334011e+04,5.89561636528688832e+04,4.73363529251967975e+03
1002,2.97000000000000000e+04,2.04777849306217715e+05,1.49429136419735965e+05,4.81184094598552019e+03
1003,2.97000000000000000e+04,3.24938588854601781e+05,2.39902109186602873e+05,4.93958304664827119e+03
1001,3.06000000000000000e+04,8.47605677054321422e+04,5.89235940752101669e+04,4.88074396023885402e+03
1002,3.06000000000000000e+04,2.04926174167174671e+05,1.49410916701905866e+05,4.96128064116624773e+03
1003,3.06000000000000000e+04,3.25091780628916924e+05,2.39898239328601427e+05,5.09282369242729692e+03
1001,3.15000000000000000e+04,8.49042344123371295e+04,5.88909694996524340e+04,5.02806838320818315e+03
1002,3.15000000000000000e+04,2.05074707552524284e+05,1.49392643007115694e+05,5.11093388865757606e+03
1003,3.15000000000000000e+04,3.25245180692711147e+05,2.39894316514578793e+05,5.24627390598833335e+03
1001,3.24000000000000000e+04,8.50481098955828202e+04,5.88582899423946510e+04,5.17560857482302981e+03
1002,3.24000000000000000e+04,2.05223449479243049e+05,1.49374315351585596e+05,5.26080070860528940e+03
1003,3.24000000000000000e+04,3.25398789062902972e+05,2.39890340760776395e+05,5.39993371859815670e+03
1001,3.33000000000000000e+04,8.51921941722042247e+04,5.88255554196379526e+04,5.32336454847425739e+03
1002,3.33000000000000000e+04,2.05372399964308046e+05,1.49355933751537988e+05,5.41088112112274030e+03
1003,3.33000000000000000e+04,3.25552605756411562e+05,2.39886312083437864e+05,5.55380316144829976e+03
1001,3.42000000000000000e+04,8.53364872592369065e+04,5.87927659475856417e+04,5.47133631754826092e+03
1002,3.42000000000000000e+04,2.05521559024696879e+05,1.49337498223197385e+05,5.56117514629099696e+03
1003,3.42000000000000000e+04,3.25706630790156545e+05,2.39882230498808960e+05,5.70788226565528203e+03
1001,3.51000000000000000e+04,8.54809891737169673e+04,5.87599215424432114e+04,5.61952389542698529e+03
1002,3.51000000000000000e+04,2.05670926677387673e+05,1.49319008782790479e+05,5.71168280415902154e+03
1003,3.51000000000000000e+04,3.25860864181058074e+05,2.39878096023137594e+05,5.86217106226106534e+03
1001,3.60000000000000000e+04,8.56256999326810910e+04,5.87270222204183083e+04,5.76792729548800435e+03
1002,3.60000000000000000e+04,2.05820502939359169e+05,1.49300465446546179e+05,5.86240411474393659e+03
1003,3.60000000000000000e+04,3.26015305946036940e+05,2.39873908672673890e+05,6.01666958223356687e+03
1001,3.69000000000000000e+04,8.57706195531664998e+04,5.86940679977207619e+04,5.91654653110451000e+03
1002,3.69000000000000000e+04,2.05970287827590597e+05,1.49281868230695516e+05,6.01333909803110419e+03
1003,3.69000000000000000e+04,3.26169956102014403e+05,2.39869668463670096e+05,6.17137785646687735e+03
1001,3.78000000000000000e+04,8.59157480522109690e+04,5.86610588905625773e+04,6.06538161564535676e+03
1002,3.78000000000000000e+04,2.06120281359061773e+05,1.49263217151471705e+05,6.16448777397438789e+03
1003,3.78000000000000000e+04,3.26324814665912301e+05,2.39865375412380643e+05,6.32629591578177224e+03
1001,3.87000000000000000e+04,8.60610854468528123e+04,5.86279949151579276e+04,6.21443256247508361e+03
1002,3.87000000000000000e+04,2.06270483550753037e+05,1.49244512225110113e+05,6.31585016249627824e+03
1003,3.87000000000000000e+04,3.26479881654653000e+05,2.39861029535062145e+05,6.48142379092603915e+03
1001,3.96000000000000000e+04,8.62066317541309254e+04,5.85948760877231689e+04,6.36369938495398674e+03
1002,3.96000000000000000e+04,2.06420894419645279e+05,1.49225753467848321e+05,6.46742628348809558e+03
1003,3.96000000000000000e+04,3.26635157085159386e+05,2.39856630847973342e+05,6.63676151257486708e+03
1001,4.05000000000000000e+04,8.63523869910847425e+04,5.85617024244768181e+04,6.51318209643811042e+03
1002,4.05000000000000000e+04,2.06571513982719975e+05,1.49206940895926062e+05,6.61921615681020558e+03
1003,4.05000000000000000e+04,3.26790640974354930e+05,2.39852179367375153e+05,6.79230911133128757e+03
1001,4.14000000000000000e+04,8.64983511747542507e+04,5.85284739416395823e+04,6.66288071027928891e+03
1002,4.14000000000000000e+04,2.06722342256959091e+05,1.49188074525585194e+05,6.77121980229211113e+03
1003,4.14000000000000000e+04,3.26946333339163626e+05,2.39847675109530683e+05,6.94806661772649659e+03
1001,4.23000000000000000e+04,8.66445243221800047e+04,5.84951906554343295e+04,6.81279523982520004e+03
1002,4.23000000000000000e+04,2.06873379259345151e+05,1.49169154373069818e+05,6.92343723973267424e+03
1003,4.23000000000000000e+04,3.27102234196510050e+05,2.39843118090705160e+05,7.10403406222029480e+03
1001,4.32000000000000000e+04,8.67909064504030830e+04,5.84618525820861105e+04,6.96292569841934710e+03
1002,4.32000000000000000e+04,2.07024625006861286e+05,1.49150180454626156e+05,7.07586848890036072e+03
1003,4.32000000000000000e+04,3.27258343563319242e+05,2.39838508327166026e+05,7.26021147520134582e+03
1001,4.41000000000000000e+04,8.69374975764651317e+04,5.84284597378221515e+04,7.11327209940113516e+03
1002,4.41000000000000000e+04,2.07176079516491096e+05,1.49131152786502615e+05,7.22851356953326467e+03
1003,4.41000000000000000e+04,3.27414661456516827e+05,2.39833845835182874e+05,7.41659888698766827e+03
1001,4.50000000000000000e+04,8.70842977174083644e+04,5.83950121388718471e+04,7.26383445610590206e+03
1002,4.50000000000000000e+04,2.07327742805218790e+05,1.49112071384949755e+05,7.38137250133942780e+03
1003,4.50000000000000000e+04,3.27571187893029011e+05,2.39829130631027452e+05,7.57319632782700683e+03
1001,4.59000000000000000e+04,8.72313068902755331e+04,5.83615098014667747e+04,7.41461278186491927e+03
1002,4.59000000000000000e+04,2.07479614890029101e+05,1.49092936266220349e+05,7.53444530399691757e+03
1003,4.59000000000000000e+04,3.27727922889782465e+05,2.39824362730973691e+05,7.73000382789708601e+03
1001,4.68000000000000000e+04,8.73785251121099282e+04,5.83279527418406797e+04,7.56560709000542647e+03
1002,4.68000000000000000e+04,2.07631695787907316e+05,1.49073747446569294e+05,7.68773199715403643e+03
1003,4.68000000000000000e+04,3.27884866463704500e+05,2.39819542151297675e+05,7.88702141730615222e+03
1001,4.77000000000000000e+04,8.75259523999554222e+04,5.82943409762294832e+04,7.71681739385070068e+03
1002,4.77000000000000000e+04,2.07783985515839246e+05,1.49054504942253669e+05,7.84123260042945640e+03
1003,4.77000000000000000e+04,3.28042018631722836e+05,2.39814668908277643e+05,8.04424912609310741e+03
1001,4.86000000000000000e+04,8.76735887708564260e+04,5.82606745208712819e+04,7.86824370672004534e+03
1002,4.86000000000000000e+04,2.07936484090811282e+05,1.49035208769532765e+05,7.99494713341244005e+03
1003,4.86000000000000000e+04,3.28199379410765890e+05,2.39809743018194044e+05,8.20168698422815942e+03
1001,4.95000000000000000e+04,8.78214342418579035e+04,5.82269533920063550e+04,8.01988604192883122e+03
1002,4.95000000000000000e+04,2.08089191529810341e+05,1.49015858944667998e+05,8.14887561566295972e+03
1003,4.95000000000000000e+04,3.28356948817762488e+05,2.39804764497329452e+05,8.35933502161289289e+03
1001,5.04000000000000000e+04,8.79694888300053717e+04,5.81931776058771575e+04,8.17174441278853010e+03
1002,5.04000000000000000e+04,2.08242107849823893e+05,1.48996455483922968e+05,8.30301806671188751e+03
1003,5.04000000000000000e+04,3.28514726869642094e+05,2.39799733361968625e+05,8.51719326808086407e+03
1001,5.13000000000000000e+04,8.81177525523449003e+04,5.81593471787283052e+04,8.32381883260674476e+03
1002,5.13000000000000000e+04,2.08395233067839959e+05,1.48976998403563455e+05,8.45737450606115635e+03
1003,5.13000000000000000e+04,3.28672713583334698e+05,2.39794649628398474e+05,8.67526175339783367e+03
1001,5.22000000000000000e+04,8.82662254259231122e+04,5.81254621268066112e+04,8.47610931468723356e+03
1002,5.22000000000000000e+04,2.08548567200847116e+05,1.48957487719857425e+05,8.61194495318392546e+03
1003,5.22000000000000000e+04,3.28830908975770755e+05,2.39789513312908093e+05,8.83354050726206697e+03
1001,5.31000000000000000e+04,8.84149074677871831e+04,5.80915224663610497e+04,8.62861587232994316e+03
1002,5.31000000000000000e+04,2.08702110265834461e+05,1.48937923449074966e+05,8.76672942752472409e+03
1003,5.31000000000000000e+04,3.28989313063881360e+05,2.39784324431788758e+05,8.99202955930485950e+03
1001,5.40000000000000000e+04,8.85637986949848273e+04,5.80575282136427704e+04,8.78133851883102579e+03
1002,5.40000000000000000e+04,2.08855862279791676e+05,1.48918305607488379e+05,8.92172794849965430e+03
1003,5.40000000000000000e+04,3.29147925864598132e+05,2.39779083001333900e+05,9.15072893909076629e+03
1001,5.49000000000000000e+04,8.87128991245643410e+04,5.80234793849051057e+04,8.93427726748290479e+03
1002,5.49000000000000000e+04,2.09009823259708937e+05,1.48898634211372148e+05,9.07694053549647288e+03
1003,5.49000000000000000e+04,3.29306747394853155e+05,2.39773789037839073e+05,9.30963867611789647e+03
1001,5.58000000000000000e+04,8.88622087735745445e+04,5.79893759964035708e+04,9.08743213157424543e+03
1002,5.58000000000000000e+04,2.09163993222577032e+05,1.48878909277002880e+05,9.23236720787486956e+03
1003,5.58000000000000000e+04,3.29465777671579155e+05,2.39768442557602073e+05,9.46875879981842809e+03
1001,5.67000000000000000e+04,8.90117276590648398e+04,5.79552180643958418e+04,9.24080312439004774e+03
1002,5.67000000000000000e+04,2.09318372185387270e+05,1.48859130820659397e+05,9.38800798496653078e+03
1003,5.67000000000000000e+04,3.29625016711709322e+05,2.39763043576922821e+05,9.62808933955878092e+03
1001,5.76000000000000000e+04,8.91614557980851532e+04,5.79210056051417851e+04,9.39439025921161010e+03
1002,5.76000000000000000e+04,2.09472960165131488e+05,1.48839298858622671e+05,9.54386288607530150e+03
1003,5.76000000000000000e+04,3.29784464532177430e+05,2.39757592112103419e+05,9.78763032464006574e+03
1001,5.85000000000000000e+04,8.93113932076859637e+04,5.78867386349034350e+04,9.54819354931659109e+03
1002,5.85000000000000000e+04,2.09627757178802072e+05,1.48819413407175860e+05,9.69993193047736895e+03
1003,5.85000000000000000e+04,3.29944121149917832e+05,2.39752088179448125e+05,9.94738178429843356e+03
1001,5.94000000000000000e+04,8.94615399049183179e+04,5.78524171699450089e+04,9.70221300797904951e+03
1002,5.94000000000000000e+04,2.09782763243391993e+05,1.48799474482604273e+05,9.85621513742144998e+03
1003,5.94000000000000000e+04,3.30103986581865291e+05,2.39746531795263407e+05,1.01073437477052248e+04
1001,6.03000000000000000e+04,8.96118959068338154e+04,5.78180412265328996e+04,9.85644864846945529e+03
1002,6.03000000000000000e+04,2.09937978375894745e+05,1.48779482101195434e+05,1.00127125261288766e+04
1003,6.03000000000000000e+04,3.30264060844955267e+05,2.39740922975857829e+05,1.02675162439676096e+04
1001,6.12000000000000000e+04,8.97624612304845941e+04,5.77836108209356753e+04,1.00109004840547059e+04
1002,6.12000000000000000e+04,2.10093402593304345e+05,1.48759436279238987e+05,1.01694241157937649e+04
1003,6.12000000000000000e+04,3.30424343956123688e+05,2.39735261737542198e+05,1.04278993021286715e+04
1001,6.21000000000000000e+04,8.99132358929233596e+04,5.77491259694240871e+04,1.01655685279981790e+04
1002,6.21000000000000000e+04,2.10249035912615393e+05,1.48739337033026823e+05,1.03263499255832066e+04
1003,6.21000000000000000e+04,3.30584835932307004e+05,2.39729548096629442e+05,1.05884929511678092e+04
1001,6.30000000000000000e+04,9.00642199112033559e+04,5.77145866882710543e+04,1.03204527935597343e+04
1002,6.30000000000000000e+04,2.10404878350823041e+05,1.48719184378852922e+05,1.04834899746374103e+04
1003,6.30000000000000000e+04,3.30745536790442304e+05,2.39723782069434645e+05,1.07492972200011736e+04
1001,6.39000000000000000e+04,9.02154133023783797e+04,5.76799929937516863e+04,1.04755532939957520e+04
1002,6.39000000000000000e+04,2.10560929924922937e+05,1.48698978333013481e+05,1.06408442820697801e+04
1003,6.39000000000000000e+04,3.30906446547467087e+05,2.39717963672275131e+05,1.09103121374817620e+04
1001,6.48000000000000000e+04,9.03668160835027957e+04,5.76453449021432607e+04,1.06308700425591760e+04
1002,6.48000000000000000e+04,2.10717190651911340e+05,1.48678718911806878e+05,1.07984128669671845e+04
1003,6.48000000000000000e+04,3.31067565220319491e+05,2.39712092921470321e+05,1.10715377323999764e+04
1001,6.57000000000000000e+04,9.05184282716315065e+04,5.76106424297252379e+04,1.07864030524995069e+04
1002,6.57000000000000000e+04,2.10873660548785003e+05,1.48658406131533644e+05,1.09561957483899914e+04
1003,6.57000000000000000e+04,3.31228892825938121e+05,2.39706169833341846e+05,1.12329740334837716e+04
1001,6.66000000000000000e+04,9.06702498838199535e+04,5.75758855927792538e+04,1.09421523370628365e+04
1002,6.66000000000000000e+04,2.11030339632541261e+05,1.48638040008496464e+05,1.11141929453722987e+04
1003,6.66000000000000000e+04,3.31390429381262162e+05,2.39700194424213492e+05,1.13946210693990888e+04
1001,6.75000000000000000e+04,9.08222809371241601e+04,5.75410744075891271e+04,1.10981179094919080e+04
1002,6.75000000000000000e+04,2.11187227920177975e+05,1.48617620559000265e+05,1.12724044769220181e+04
1003,6.75000000000000000e+04,3.31552174903231382e+05,2.39694166710411228e+05,1.15564788687501787e+04
1001,6.84000000000000000e+04,9.09745214486006735e+04,5.75062088904408447e+04,1.12542997830260920e+04
1002,6.84000000000000000e+04,2.11344325428693555e+05,1.48597147799352097e+05,1.14308303620210590e+04
1003,6.84000000000000000e+04,3.31714129408786015e+05,2.39688086708263174e+05,1.17185474600797952e+04
1001,6.93000000000000000e+04,9.11269714353066229e+04,5.74712890576225836e+04,1.14106979709014613e+04
1002,6.93000000000000000e+04,2.11501632175086968e+05,1.48576621745861194e+05,1.15894706196254665e+04
1003,6.93000000000000000e+04,3.31876292914866935e+05,2.39681954434099636e+05,1.18808268718696872e+04
1001,7.02000000000000000e+04,9.12796309142996615e+04,5.74363149254246964e+04,1.15673124863507692e+04
1002,7.02000000000000000e+04,2.11659148176357732e+05,1.48556042414838972e+05,1.17483252686655669e+04
1003,7.02000000000000000e+04,3.32038665438415424e+05,2.39675769904253073e+05,1.20433171325406820e+04
1001,7.11000000000000000e+04,9.14324999026379955e+04,5.74012865101397110e+04,1.17241433426034946e+04
1002,7.11000000000000000e+04,2.11816873449505889e+05,1.48535409822599002e+05,1.19073943280460808e+04
1003,7.11000000000000000e+04,3.32201246996373404e+05,2.39669533135058125e+05,1.22060182704532199e+04
1001,7.20000000000000000e+04,9.15855784173803986e+04,5.73662038280623383e+04,1.18811905528858879e+04
1002,7.20000000000000000e+04,2.11974808011532063e+05,1.48514723985457065e+05,1.20666778166463191e+04
1003,7.20000000000000000e+04,3.32364037605683319e+05,2.39663244142851618e+05,1.23689303139075546e+04
1001,7.29000000000000000e+04,9.17388664755861828e+04,5.73310668954894718e+04,1.20384541304209615e+04
1002,7.29000000000000000e+04,2.12132951879437373e+05,1.48493984919731069e+05,1.22261757533202435e+04
1003,7.29000000000000000e+04,3.32527037283288140e+05,2.39656902943972527e+05,1.25320532911440550e+04
1001,7.38000000000000000e+04,9.18923640943152277e+04,5.72958757287201734e+04,1.21959340884285502e+04
1002,7.38000000000000000e+04,2.12291305070223520e+05,1.48473192641741160e+05,1.23858881568966826e+04
1003,7.38000000000000000e+04,3.32690246046131419e+05,2.39650509554761986e+05,1.26953872303435710e+04
1001,7.47000000000000000e+04,9.20460712906279514e+04,5.72606303440556949e+04,1.23536304401253001e+04
1002,7.47000000000000000e+04,2.12449867600892758e+05,1.48452347167809610e+05,1.25458150461794539e+04
1003,7.47000000000000000e+04,3.32853663911157171e+05,2.39644063991563336e+05,1.28589321596276150e+04
1001,7.56000000000000000e+04,9.21999880815853248e+04,5.72253307577994565e+04,1.25115431987247157e+04
1002,7.56000000000000000e+04,2.12608639488447865e+05,1.48431448514260846e+05,1.27059564399474712e+04
1003,7.56000000000000000e+04,3.33017290895309998e+05,2.39637566270722076e+05,1.30226881070587860e+04
1001,7.65000000000000000e+04,9.23541144842488575e+04,5.71899769862570683e+04,1.26696723774371621e+04
1002,7.65000000000000000e+04,2.12767620749892172e+05,1.48410496697421535e+05,1.28663123569548934e+04
1003,7.65000000000000000e+04,3.33181127015535079e+05,2.39631016408585856e+05,1.31866551006410646e+04
1001,7.74000000000000000e+04,9.25084505156806408e+04,5.71545690457363235e+04,1.28280179894699340e+04
1002,7.74000000000000000e+04,2.12926811402229563e+05,1.48389491733620496e+05,1.30268828159312779e+04
1003,7.74000000000000000e+04,3.33345172288778063e+05,2.39624414421504509e+05,1.33508331683199958e+04
1001,7.83000000000000000e+04,9.26629961929432902e+04,5.71191069525471830e+04,1.29865800480272264e+04
1002,7.83000000000000000e+04,2.13086211462464475e+05,1.48368433639188705e+05,1.31876678355817166e+04
1003,7.83000000000000000e+04,3.33509426731985237e+05,2.39617760325830051e+05,1.35152223379831557e+04
1001,7.92000000000000000e+04,9.28177515330999886e+04,5.70835907230017910e+04,1.31453585663102003e+04
1002,7.92000000000000000e+04,2.13245820947601867e+05,1.48347322430459317e+05,1.33486674345869287e+04
1003,7.92000000000000000e+04,3.33673890362103295e+05,2.39611054137916653e+05,1.36798226374602200e+04
1001,8.01000000000000000e+04,9.29727165532144572e+04,5.70480203734144743e+04,1.33043535575169735e+04
1002,8.01000000000000000e+04,2.13405639874647255e+05,1.48326158123767673e+05,1.35098816316034354e+04
1003,8.01000000000000000e+04,3.33838563196079573e+05,2.39604295874120697e+05,1.38446340945234788e+04
1001,8.10000000000000000e+04,9.31278912703509704e+04,5.70123959201017497e+04,1.34635650348426589e+04
1002,8.10000000000000000e+04,2.13565668260606704e+05,1.48304940735451295e+05,1.36713104452636817e+04
1003,8.10000000000000000e+04,3.34003445250861929e+05,2.39597485550800688e+05,1.40096567368880187e+04
1001,8.19000000000000000e+04,9.32832757015743555e+04,5.69767173793822949e+04,1.36229930114793988e+04
1002,8.19000000000000000e+04,2.13725906122486835e+05,1.48283670281849889e+05,1.38329538941761730e+04
1003,8.19000000000000000e+04,3.34168536543398746e+05,2.39590623184317315e+05,1.41748905922120084e+04
1001,8.28000000000000000e+04,9.34388698639500071e+04,5.69409847675769852e+04,1.37826375006163853e+04
1002,8.28000000000000000e+04,2.13886353477294790e+05,1.48262346779305284e+05,1.39948119969255858e+04
1003,8.28000000000000000e+04,3.34333837090638990e+05,2.39583708791033423e+05,1.43403356880970441e+04
1001,8.37000000000000000e+04,9.35946737745438440e+04,5.69051981010088712e+04,1.39424985154398546e+04
1002,8.37000000000000000e+04,2.14047010342038266e+05,1.48240970244161552e+05,1.41568847720729082e+04
1003,8.37000000000000000e+04,3.34499346909532091e+05,2.39576742387314094e+05,1.45059920520883134e+04
1001,8.46000000000000000e+04,9.37506874504223524e+04,5.68693573960031790e+04,1.41025760691331488e+04
1002,8.46000000000000000e+04,2.14207876733725512e+05,1.48219540692764916e+05,1.43191722381555846e+04
1003,8.46000000000000000e+04,3.34665066017028061e+05,2.39569723989526508e+05,1.46718597116750025e+04
1001,8.55000000000000000e+04,9.39069109086525568e+04,5.68334626688873250e+04,1.42628701748767035e+04
1002,8.55000000000000000e+04,2.14368952669365332e+05,1.48198058141463756e+05,1.44816744136876368e+04
1003,8.55000000000000000e+04,3.34830994430077495e+05,2.39562653614040057e+05,1.48379386942905730e+04
1001,8.64000000000000000e+04,9.40633441663020494e+04,5.67975139359908935e+04,1.44233808458481108e+04
1002,8.64000000000000000e+04,2.14530238165967050e+05,1.48176522606608662e+05,1.46443913171597651e+04
1003,8.64000000000000000e+04,3.34997132165631454e+05,2.39555531277226313e+05,1.50042290273129274e+04
